model,accuracy,precision_neg,recall_neg,f1_neg,precision_pos,recall_pos,f1_pos
TextCNN,0.9241,0.917312661498708,0.9308188785800726,0.9240164180598659,0.9309720265647011,0.9174930583101943,0.9241833982619119
TextLSTM,0.9215,0.9108092144122859,0.9330375151270673,0.9217893792966025,0.9325340377971957,0.9101547005156684,0.9212084713439727
BERT,0.8931,0.8484142626769396,0.95502218636547,0.8985672264920771,0.9495360941389455,0.8322094406981356,0.8870098298277138
